"Bluetooth Speakers, DOSS SoundBox Pro Portable Wireless Bluetooth Speaker with 20W Stereo Sound, Active Extra Bass, Wireless Stereo Pairing, Multiple Colors Lights, IPX5, 20 Hrs Battery Life -Black",https://www.amazon.com/gp/slredirect/picassoRedirect.html/ref=pa_sp_atf_aps_sr_pg1_1?ie=UTF8&adId=A09115541LQ3R3PTJDA0T&url=%2FDOSS-SoundBox-Pro-Bluetooth-Waterproof%2Fdp%2FB07DMMG7QY%2Fref%3Dsr_1_1_sspa%3Fdchild%3D1%26keywords%3DSony%2Bspeaker%26qid%3D1610681636%26sr%3D8-1-spons%26psc%3D1&qualifier=1610681636&id=1917665811201238&widgetName=sp_atf,$34.99,3-Year Protection,2-Year Protection,$4.99,$2.99
Sony SRS-XB12 Mini Bluetooth Speaker Loud Extra Bass Portable Wireless Speaker with Bluetooth -Loud Audio for Phone Calls- Small Waterproof and Dustproof Travel Music Speakers Black SRS-XB12/B,https://www.amazon.com/Sony-SRS-XB12-Portable-Bluetooth-Speaker/dp/B07P85CDHG/ref=sr_1_2?dchild=1&keywords=Sony+speaker&qid=1610681647&sr=8-2,[''],3-Year Protection,2-Year Protection,$7.99,$5.99
"Sony SRS-XB33 EXTRA BASS Wireless Portable Speaker IP67 Waterproof BLUETOOTH and Built In Mic for Phone Calls, Black",https://www.amazon.com/Sony-SRS-XB33-Wireless-Waterproof-BLUETOOTH/dp/B086D4JNGM/ref=sr_1_3?dchild=1&keywords=Sony+speaker&qid=1610681647&sr=8-3,[''],3-Year Protection,2-Year Protection,$21.99,$15.99
Sony XB72 High Power Home Audio System with Bluetooth Technology (GTK-XB72) Black,https://www.amazon.com/Sony-System-Bluetooth-Technology-GTK-XB72/dp/B07PBFKXW9/ref=sr_1_4?dchild=1&keywords=Sony+speaker&qid=1610681647&sr=8-4,$348.00,3-Year Protection,2-Year Protection,$33.99,$24.99
Sony SRS-XB12 Mini Bluetooth Speaker Loud Extra Bass Portable Wireless Speaker with Bluetooth -Loud Audio for Phone Calls- Small Waterproof and Dustproof Travel Music Speakers Black SRS-XB12/B,https://www.amazon.com/Sony-SRS-XB12-Portable-Bluetooth-Speaker/dp/B07P85CDHG/ref=sxin_9_ac_d_pm?ac_md=1-0-VW5kZXIgJDc1-ac_d_pm&cv_ct_cx=Sony+speaker&dchild=1&keywords=Sony+speaker&pd_rd_i=B07P85CDHG&pd_rd_r=a65b946d-5db3-4e2d-bc09-48c98cefd25c&pd_rd_w=0XtrP&pd_rd_wg=4miTo&pf_rd_p=db3c94d3-373c-4c30-836a-115f9871fd28&pf_rd_r=26H6BZZ2XAN2B5FXMTY3&psc=1&qid=1610681647&sr=1-1-22d05c05-1231-4126-b7c4-3e7a9c0027d0,[''],3-Year Protection,2-Year Protection,$7.99,$5.99
"Sony SRS-XB23 EXTRA BASS Wireless Portable Speaker IP67 Waterproof BLUETOOTH and Built In Mic for Phone Calls, Black (SRSXB23/B) Black XB23",https://www.amazon.com/Sony-SRS-XB23-Wireless-Waterproof-BLUETOOTH/dp/B086DBR6T7/ref=sxin_9_ac_d_pm?ac_md=2-1-QmV0d2VlbiAkNzUgYW5kICQxMDA%3D-ac_d_pm&cv_ct_cx=Sony+speaker&dchild=1&keywords=Sony+speaker&pd_rd_i=B086DBR6T7&pd_rd_r=a65b946d-5db3-4e2d-bc09-48c98cefd25c&pd_rd_w=0XtrP&pd_rd_wg=4miTo&pf_rd_p=db3c94d3-373c-4c30-836a-115f9871fd28&pf_rd_r=26H6BZZ2XAN2B5FXMTY3&psc=1&qid=1610681647&sr=1-2-22d05c05-1231-4126-b7c4-3e7a9c0027d0,[''],3-Year Protection,2-Year Protection,$7.99,$5.99
Sony SSCS5 3-Way 3-Driver Bookshelf Speaker System (Pair) - Black,https://www.amazon.com/Sony-SSCS5-3-Driver-Bookshelf-Speaker/dp/B00O8YLMVA/ref=sxin_9_ac_d_pm?ac_md=3-2-QmV0d2VlbiAkMTAwIGFuZCAkMjAw-ac_d_pm&cv_ct_cx=Sony+speaker&dchild=1&keywords=Sony+speaker&pd_rd_i=B00O8YLMVA&pd_rd_r=a65b946d-5db3-4e2d-bc09-48c98cefd25c&pd_rd_w=0XtrP&pd_rd_wg=4miTo&pf_rd_p=db3c94d3-373c-4c30-836a-115f9871fd28&pf_rd_r=26H6BZZ2XAN2B5FXMTY3&psc=1&qid=1610681647&sr=1-3-22d05c05-1231-4126-b7c4-3e7a9c0027d0,$148.00,3-Year Protection,2-Year Protection,$21.99,$15.99
MIATONE Outdoor Portable Bluetooth Speakers Waterproof Wireless Speaker (Black),https://www.amazon.com/gp/slredirect/picassoRedirect.html/ref=pa_sp_atf_next_aps_sr_pg2_1?ie=UTF8&adId=A0718253254DM81PG5UGU&url=%2FMIATONE-Portable-Waterproof-Bluetooth-Superior%2Fdp%2FB07GGWLLHM%2Fref%3Dsr_1_17_sspa%3Fdchild%3D1%26keywords%3DSony%2Bspeaker%26qid%3D1610681647%26sr%3D8-17-spons%26psc%3D1&qualifier=1610681720&id=7772621338731521&widgetName=sp_atf_next,$39.99,3-Year Protection,2-Year Protection,$4.99,$2.99
"AUX Cable, 15Ft 2 Pack [Copper Shell Hi-Fi Sound] 3.5mm 1/8"" Auxiliary Audio Cable Nylon Braided Aux Cord Compatible Car/Home Stereos,Speaker,iPhone iPod iPad,Headphones,Sony,Echo Dot,Beats ect (Grey)",https://www.amazon.com/gp/slredirect/picassoRedirect.html/ref=pa_sp_atf_next_aps_sr_pg2_1?ie=UTF8&adId=A100566729X0E0CJ1CA5Y&url=%2FAuxiliary-Braided-Compatible-Stereos-Headphones%2Fdp%2FB08RJYHW6Q%2Fref%3Dsr_1_18_sspa%3Fdchild%3D1%26keywords%3DSony%2Bspeaker%26qid%3D1610681647%26sr%3D8-18-spons%26psc%3D1&qualifier=1610681728&id=2492666791042804&widgetName=sp_atf_next,$8.99
Sony Compact and Portable Waterproof Wireless Speaker with Extra BASS - Lilac,https://www.amazon.com/Sony-Compact-Portable-Waterproof-Wireless/dp/B07MPQW47X/ref=sr_1_19?dchild=1&keywords=Sony+speaker&qid=1610681647&sr=8-19,$59.99,3-Year Protection,2-Year Protection,$7.99,$5.99
Sony Compact and Portable Waterproof Wireless Speaker with Extra Bass - Blue,https://www.amazon.com/Sony-Compact-Portable-Waterproof-Wireless/dp/B07MPQVS32/ref=sr_1_20?dchild=1&keywords=Sony+speaker&qid=1610681647&sr=8-20,$54.99,3-Year Protection,2-Year Protection,$7.99,$5.99
Sony SRSXB43 Extra BASS Bluetooth Wireless Portable Speaker (Black) with Knox Gear Multipurpose Outlet Wall Shelf Bundle (2 Items),https://www.amazon.com/Sony-Bluetooth-Wireless-Portable-Multipurpose/dp/B089DHVFNF/ref=sr_1_21?dchild=1&keywords=Sony+speaker&qid=1610681647&sr=8-21,$249.99,3-Year Protection,2-Year Protection,$33.99,$24.99
"Bluetooth Speakers - Vanzon X5 Pro Portable Wireless Speaker V5.0 with 20W Loud Stereo Sound, TWS, 24H Playtime & IPX7 Waterproof, Suitable for Travel, Home&Outdoors",https://www.amazon.com/gp/slredirect/picassoRedirect.html/ref=pa_sp_atf_next_aps_sr_pg3_1?ie=UTF8&adId=A04226693HAQT33A1QQ2U&url=%2FBluetooth-Speakers-Portable-Wireless-Waterproof%2Fdp%2FB087Q9YVDX%2Fref%3Dsr_1_33_sspa%3Fdchild%3D1%26keywords%3DSony%2Bspeaker%26qid%3D1610681728%26sr%3D8-33-spons%26psc%3D1&qualifier=1610681771&id=3883280198178080&widgetName=sp_atf_next,$36.99,3-Year Protection,2-Year Protection,$4.99,$2.99
"Alphasonik 8"" Portable Rechargeable Battery Powered 800W Pro DJ Amplified Loud Speaker with 2 Wireless Microphones Echo Bluetooth USB SD Card Aux MP3 FM Radio PA System LED Ring Karaoke Tripod Stand",https://www.amazon.com/gp/slredirect/picassoRedirect.html/ref=pa_sp_atf_next_aps_sr_pg3_1?ie=UTF8&adId=A03080291PY6KOAMZFRUK&url=%2FAlphasonik-Rechargeable-Amplified-Microphones-Bluetooth%2Fdp%2FB07PCV53SR%2Fref%3Dsr_1_34_sspa%3Fdchild%3D1%26keywords%3DSony%2Bspeaker%26qid%3D1610681728%26sr%3D8-34-spons%26psc%3D1%26smid%3DA1M2AR6046TFJG&qualifier=1610681779&id=2514777449459939&widgetName=sp_atf_next,$179.95,3-Year Protection,2-Year Protection,$21.99,$15.99
Sony MHC-V21 High Power Audio System with BLUETOOTH,https://www.amazon.com/Sony-MHC-V21-Power-System-Bluetooth/dp/B07HL8Z268/ref=sr_1_35?dchild=1&keywords=Sony+speaker&qid=1610681728&sr=8-35,['']
"Sony SACS9 10-Inch Active Subwoofer,Black",https://www.amazon.com/Sony-SACS9-10-Inch-Active-Subwoofer/dp/B00O8YLIY6/ref=sr_1_36?dchild=1&keywords=Sony+speaker&qid=1610681728&sr=8-36,$198.00,3-Year Protection,2-Year Protection,$21.99,$15.99
Sony SRSXB20 Portable Bluetooth Speaker (Blue) with Knox Gear Hardshell Travel and Protective Case Bundle (2 Items),https://www.amazon.com/Sony-Portable-Bluetooth-Hardshell-Protective/dp/B08FXMWG6P/ref=sr_1_37?dchild=1&keywords=Sony+speaker&qid=1610681728&sr=8-37,$89.99
"WiFi Projector Bluetooth Projector, FANGOR 5500 Lux Portable Movie Projector Full HD 1080P Supported, Compatible with TV Stick, HDMI, VGA, USB, Laptop, iOS Android Smartphone Projector, Regions Free",https://www.amazon.com/gp/slredirect/picassoRedirect.html/ref=pa_sp_atf_next_aps_sr_pg4_1?ie=UTF8&adId=A04226902DZBVUNTT3O4W&url=%2FBluetooth-Projector-Supported-Compatible-Smartphone%2Fdp%2FB07VTP3SCN%2Fref%3Dsr_1_49_sspa%3Fdchild%3D1%26keywords%3DSony%2Bspeaker%26qid%3D1610681779%26sr%3D8-49-spons%26psc%3D1%26smid%3DAZ9ZQ9SCEV9T1&qualifier=1610681824&id=2516459246546811&widgetName=sp_atf_next,$149.98,4-Year Protection,3-Year Protection,$29.99,$21.99
"Tribit MaxSound Plus Portable Bluetooth Speaker, 24W Wireless Speaker with Powerful Louder Sound, Exceptional XBass, IPX7 Waterproof, 20-Hour Playtime, 100ft Bluetooth Rang for Party, Travel, Outdoor",https://www.amazon.com/gp/slredirect/picassoRedirect.html/ref=pa_sp_atf_next_aps_sr_pg4_1?ie=UTF8&adId=A0185691JW5QM2E875H3&url=%2FTribit-MaxSound-Bluetooth-Exceptional-Waterproof%2Fdp%2FB07MQWG3PR%2Fref%3Dsr_1_50_sspa%3Fdchild%3D1%26keywords%3DSony%2Bspeaker%26qid%3D1610681779%26sr%3D8-50-spons%26psc%3D1&qualifier=1610681831&id=4675365280729185&widgetName=sp_atf_next,$59.99,3-Year Protection,2-Year Protection,$7.99,$4.99
"Soundcore Trance Go Outdoor Bluetooth Speaker with BassUp Technology, Sync 100+ Speakers, 24H Playtime, Waterproof, Custom EQ, App",https://www.amazon.com/Soundcore-Bluetooth-Playtime-Technology-Waterproof/dp/B085C9ZGSG/ref=sr_1_51?dchild=1&keywords=Sony+speaker&qid=1610681779&sr=8-51,$99.99,3-Year Protection,2-Year Protection,$10.99,$7.99
Sony MHC-V13 High Power Audio System with Handheld Microphone Bundle (2 Items),https://www.amazon.com/Sony-MHC-V13-System-Handheld-Microphone/dp/B08KTRVWYC/ref=sr_1_52?dchild=1&keywords=Sony+speaker&qid=1610681779&sr=8-52,$249.99
JBL Bar 5.1 - Channel 4K Ultra HD Soundbar with True Wireless Surround Speakers,https://www.amazon.com/JBL-5-1-Channel-Soundbar-Wireless-Surround/dp/B075SKB4TF/ref=sr_1_53?dchild=1&keywords=Sony+speaker&qid=1610681779&sr=8-53,$499.95,3-Year Protection,2-Year Protection,$57.99,$42.99
"Xgimi Halo True 1080p Full HD Portable Projector Android TV 9.0 5000+ Native apps, Harman/Kardon Speakers, 800 ANSI Lumen, Outdoor Projector WiFi Bluetooth Watch Anywhere",https://www.amazon.com/gp/slredirect/picassoRedirect.html/ref=pa_sp_atf_next_aps_sr_pg5_1?ie=UTF8&adId=A09272291O6APGZIUIGVX&url=%2FXGIMI-Portable-Projector-Speakers-Bluetooth%2Fdp%2FB07YDJZGG4%2Fref%3Dsr_1_65_sspa%3Fdchild%3D1%26keywords%3DSony%2Bspeaker%26qid%3D1610681831%26smid%3DA3ATVVVW6308U4%26sr%3D8-65-spons%26psc%3D1&qualifier=1610681901&id=8535763200719156&widgetName=sp_atf_next,$799.00,,,,
"TREBLAB HD77 - Ultra Premium Bluetooth Speaker - Loud 360° HD Surround Sound, Wireless Dual Pairing, Best 25W Stereo, Loudest Bass, 20H Battery, IPX6 Waterproof, Sports Outdoor, Portable Blue Tooth",https://www.amazon.com/gp/slredirect/picassoRedirect.html/ref=pa_sp_atf_next_aps_sr_pg5_1?ie=UTF8&adId=A068245411D0PBCHW03WF&url=%2FTREBLAB-HD77-Premium-Bluetooth-Speaker%2Fdp%2FB07GBDMF12%2Fref%3Dsr_1_66_sspa%3Fdchild%3D1%26keywords%3DSony%2Bspeaker%26qid%3D1610681831%26sr%3D8-66-spons%26psc%3D1&qualifier=1610681909&id=4588490334139865&widgetName=sp_atf_next,$79.97,3-Year Protection,2-Year Protection,$7.99,$5.99
Sony Compact and Portable Waterproof Wireless Speaker with Extra Bass - Green,https://www.amazon.com/Sony-Compact-Portable-Waterproof-Wireless/dp/B07MF9PRV4/ref=sr_1_67?dchild=1&keywords=Sony+speaker&qid=1610681831&sr=8-67,$69.90,3 Year Electronics Protection Plan,2-Year Protection,$7.99,$5.99
"DOSS SoundBox Plus Portable Wireless Bluetooth Speaker with HD Sound and Deep Bass, Wireless Stereo Pairing, Built-in Mic, 20H Playtime, Portable Wireless Speaker for Home, Outdoor, Travel-White",https://www.amazon.com/DOSS-SoundBox-Plus-Bluetooth-More-White/dp/B07TSBX3KF/ref=sr_1_68?dchild=1&keywords=Sony+speaker&qid=1610681831&sr=8-68,$39.99,3-Year Protection,2-Year Protection,$4.99,$2.99
"Soundcore Trance Bluetooth Speaker, Outdoor Bluetooth Speaker with 18 Hour Playtime, BassUp Technology, Huge 101dB Sound, LED Lights, Soundcore App, IPX7 Waterproof, Wireless Speaker for Party",https://www.amazon.com/Soundcore-Bluetooth-Playtime-Technology-Waterproof/dp/B07YDF1WQ7/ref=sr_1_69?dchild=1&keywords=Sony+speaker&qid=1610681831&sr=8-69,$149.99,3-Year Protection,2-Year Protection,$21.99,$15.99
"HOTT CD611 Portable CD Player, Personal Compact CD Player with LCD Display, Anti-Skip/Anti-Shock, Walkman Small Music CD Player with Headphones USB Cable for Car Home Travel (Black)",https://www.amazon.com/gp/slredirect/picassoRedirect.html/ref=pa_sp_atf_next_aps_sr_pg6_1?ie=UTF8&adId=A05609282HODOWX3E5WNS&url=%2FPortable-HOTT-Anti-Skip-Anti-Shock-Headphones%2Fdp%2FB07Y9X8JXX%2Fref%3Dsr_1_81_sspa%3Fdchild%3D1%26keywords%3DSony%2Bspeaker%26qid%3D1610681909%26sr%3D8-81-spons%26psc%3D1&qualifier=1610681953&id=7530606022713249&widgetName=sp_atf_next,$59.99,3-Year Protection,2-Year Protection,$7.99,$5.99
"3M WorkTunes Connect + AM/FM Hearing Protector with Bluetooth Wireless Technology, NRR 24 dB, Ear protection for Mowing, Snowblowing, Construction, Work Shops",https://www.amazon.com/gp/slredirect/picassoRedirect.html/ref=pa_sp_atf_next_aps_sr_pg6_1?ie=UTF8&adId=A05120801HKW5TUV66TF&url=%2FWorktunes-Wireless-Protection-Bluetooth-Technology%2Fdp%2FB0146A4SWA%2Fref%3Dsr_1_82_sspa%3Fdchild%3D1%26keywords%3DSony%2Bspeaker%26qid%3D1610681909%26sr%3D8-82-spons%26psc%3D1&qualifier=1610681961&id=6156997022522891&widgetName=sp_atf_next,$60.00
"Sony SRS-XB31 Portable Wireless Bluetooth Speaker, Red (SRSXB31/R)",https://www.amazon.com/Sony-SRS-XB31-Portable-Bluetooth-SRSXB31/dp/B079VB7GKL/ref=sr_1_83?dchild=1&keywords=Sony+speaker&qid=1610681909&sr=8-83,$148.00,3-Year Protection,2-Year Protection,$21.99,$15.99
"TREBLAB HD7 - Mini Portable Bluetooth Speaker Wireless - 12W Stereo, 360°HD Sound w/Bass, TWS Dual Pairing, w/Mic - Waterproof Small Wireless Speaker w/Bike Mount Hole for Outdoor, Travel, Beach",https://www.amazon.com/TREBLAB-HD7-Bluetooth-Waterproof-Microphone/dp/B07RX83H1S/ref=sr_1_84?dchild=1&keywords=Sony+speaker&qid=1610681909&sr=8-84,$59.97,3-Year Protection,2-Year Protection,$7.99,$5.99
MIATONE Outdoor Portable Bluetooth Speakers Waterproof Wireless Speaker (Black),https://www.amazon.com/MIATONE-Portable-Waterproof-Bluetooth-Superior/dp/B07GGWLLHM/ref=sr_1_85?dchild=1&keywords=Sony+speaker&qid=1610681909&sr=8-85,$39.99,3-Year Protection,2-Year Protection,$4.99,$2.99
"Skar Audio DDX-10 D4 10"" 1500 Watt Max Power Dual 4 Ohm Car Subwoofer",https://www.amazon.com/gp/slredirect/picassoRedirect.html/ref=pa_sp_atf_next_aps_sr_pg7_1?ie=UTF8&adId=A03688104QHVTRTAOX2C&url=%2FSkar-Audio-DDX-10-D4-Subwoofer%2Fdp%2FB00KZTZ786%2Fref%3Dsr_1_97_sspa%3Fdchild%3D1%26keywords%3DSony%2Bspeaker%26qid%3D1610681961%26sr%3D8-97-spons%26psc%3D1%26smid%3DA2JVCW1GQY516A&qualifier=1610682003&id=2228276490289053&widgetName=sp_atf_next,$139.99,3-Year Protection,2-Year Protection,$21.99,$15.99
"Skar Audio DDX-10 D4 10"" 1500 Watt Max Power Dual 4 Ohm Car Subwoofer",https://www.amazon.com/gp/slredirect/picassoRedirect.html/ref=pa_sp_atf_next_aps_sr_pg7_1?ie=UTF8&adId=A03688104QHVTRTAOX2C&url=%2FSkar-Audio-DDX-10-D4-Subwoofer%2Fdp%2FB00KZTZ786%2Fref%3Dsr_1_98_sspa%3Fdchild%3D1%26keywords%3DSony%2Bspeaker%26qid%3D1610681961%26sr%3D8-98-spons%26psc%3D1%26smid%3DA2JVCW1GQY516A&qualifier=1610682009&id=7186406101802178&widgetName=sp_atf_next,$139.99,3-Year Protection,2-Year Protection,$21.99,$15.99
"JBL FLIP 5, Waterproof Portable Bluetooth Speaker, Gray (New Model)",https://www.amazon.com/JBL-Waterproof-Portable-Bluetooth-Speaker/dp/B07QJ6Z8PF/ref=sr_1_99?dchild=1&keywords=Sony+speaker&qid=1610681961&sr=8-99,$99.95,3 Year Portable Electronic Accident Protection Plan,2-Year Protection,$10.99,$7.99
"Anker Soundcore Mini 3 Bluetooth Speaker, BassUp and PartyCast Technology, USB-C, Waterproof IPX7, and Customizable EQ",https://www.amazon.com/Soundcore-Bluetooth-Technology-Waterproof-Customizable/dp/B08GFKFQ96/ref=sr_1_100?dchild=1&keywords=Sony+speaker&qid=1610681961&sr=8-100,$39.99,3-Year Protection,2-Year Protection,$4.99,$2.99
"Sony SRS-XB31 Portable Wireless Bluetooth Speaker, White (SRSXB31/W)",https://www.amazon.com/Sony-SRS-XB31-Portable-Bluetooth-SRSXB31/dp/B079V91K3L/ref=sr_1_101?dchild=1&keywords=Sony+speaker&qid=1610681961&sr=8-101,['']
"Music Angel Bluetooth Speaker, Wireless Portable Stereo Speakers with Enhanced Bass Resonator Bluetooth 4.0, Built-in Mic, 1800mAh Rechargeable Battery for 12 Hours Playtime",https://www.amazon.com/gp/slredirect/picassoRedirect.html/ref=pa_sp_atf_next_aps_sr_pg8_1?ie=UTF8&adId=A0559633MDOBAM83XMEN&url=%2FBluetooth-Wireless-Portable-Resonator-Rechargeable%2Fdp%2FB07QPN7794%2Fref%3Dsr_1_113_sspa%3Fdchild%3D1%26keywords%3DSony%2Bspeaker%26qid%3D1610682009%26sr%3D8-113-spons%26psc%3D1&qualifier=1610682059&id=3608930868532889&widgetName=sp_atf_next,$29.99,3-Year Protection,2-Year Protection,$2.99,$1.99
"Wireless Microphones for Computer,FIFINE USB Wireless Microphone System for PC and Mac,Headset UHF Wireless System with USB Receiver,Transmitter,Headset and Clip Lavalier Lapel Mic-K031B",https://www.amazon.com/gp/slredirect/picassoRedirect.html/ref=pa_sp_atf_next_aps_sr_pg8_1?ie=UTF8&adId=A0855857H1VN5WM9Q58G&url=%2FWireless-Microphones-FIFINE-Microphone-Transmitter%2Fdp%2FB074C125TN%2Fref%3Dsr_1_114_sspa%3Fdchild%3D1%26keywords%3DSony%2Bspeaker%26qid%3D1610682009%26sr%3D8-114-spons%26psc%3D1&qualifier=1610682068&id=7968499725517898&widgetName=sp_atf_next,$42.49,4-Year Protection,3-Year Protection,$8.99,$5.99
Sony SRSX3 Portable NFC Bluetooth Wireless Speaker (Black) with Speakerphone (Discontinued by Manufacturer),https://www.amazon.com/Sony-SRSX3-Speakerphone-Discontinued-Manufacturer/dp/B00KGMYQ70/ref=sr_1_115?dchild=1&keywords=Sony+speaker&qid=1610682009&sr=8-115,['']
Sony GTK-XB72 High Power Home Audio System (Black) with Deco Gear Pop Filter Bundle,https://www.amazon.com/Sony-GTK-XB72-System-Filter-Bundle/dp/B07Y5HMW16/ref=sr_1_116?dchild=1&keywords=Sony+speaker&qid=1610682009&sr=8-116,['']
JBL Pulse 3 - Wireless Bluetooth Waterproof Speaker - Black,https://www.amazon.com/JBL-Pulse-Wireless-Bluetooth-Waterproof/dp/B074Q4S2NJ/ref=sr_1_117?dchild=1&keywords=Sony+speaker&qid=1610682009&sr=8-117,$149.98,3-Year Protection,2-Year Protection,$21.99,$15.99
"picK-me Portable Bluetooth Speakers, Rechargeable Bluetooth Wireless Speaker Crystal Stereo Sound, IPX6, Support TF Card/AUX, Built-in Mic, FM Radio Function for Home Outdoor Party Travel (L, Grey)",https://www.amazon.com/gp/slredirect/picassoRedirect.html/ref=pa_sp_atf_next_aps_sr_pg9_1?ie=UTF8&adId=A036683414E8CU0GTBMBW&url=%2FpicK-me-Portable-Bluetooth-Speakers-Rechargeable%2Fdp%2FB08BP4L637%2Fref%3Dsr_1_129_sspa%3Fdchild%3D1%26keywords%3DSony%2Bspeaker%26qid%3D1610682068%26sr%3D8-129-spons%26psc%3D1&qualifier=1610682126&id=1340481043834806&widgetName=sp_atf_next,$29.73,3-Year Protection,2-Year Protection,$2.99,$1.99
"VIMUKUN EF-02, Small Portable Bluetooth Speaker IP67 Waterproof Dustproof Mini Speakers with Bassup Wireless Pairing for Home, Outdoors, Travel (Black)",https://www.amazon.com/gp/slredirect/picassoRedirect.html/ref=pa_sp_atf_next_aps_sr_pg9_1?ie=UTF8&adId=A01420111LER0I7E5C6P9&url=%2FBluetooth-Wireless-Portable-Waterproof-Smartphones%2Fdp%2FB07RY4YCHT%2Fref%3Dsr_1_130_sspa%3Fdchild%3D1%26keywords%3DSony%2Bspeaker%26qid%3D1610682068%26sr%3D8-130-spons%26psc%3D1&qualifier=1610682133&id=6243387960058749&widgetName=sp_atf_next,$13.99
Sony SRS-BTM30 Bluetooth Wireless Speaker,https://www.amazon.com/Sony-SRS-BTM30-Bluetooth-Wireless-Speaker/dp/B000OQHCTM/ref=sr_1_131?dchild=1&keywords=Sony+speaker&qid=1610682068&sr=8-131,['']
Sony SRSX7 Portable NFC Bluetooth Wireless Wi-Fi Speaker System,https://www.amazon.com/Sony-SRSX7-Portable-Bluetooth-Wireless/dp/B00I053I5G/ref=sr_1_132?dchild=1&keywords=Sony+speaker&qid=1610682068&sr=8-132,['']
Sony SRSBTS50 Portable Splash-Proof NFC Bluetooth Wireless Speaker System (Black) (Discontinued by Manufacturer),https://www.amazon.com/Sony-SRSBTS50-Splash-Proof-Discontinued-Manufacturer/dp/B00ED7C1F8/ref=sr_1_133?dchild=1&keywords=Sony+speaker&qid=1610682068&sr=8-133,$98.95,3-Year Protection,2-Year Protection,$10.99,$7.99
Heyrtz Soft Rubber D Shaped Headset Earpiece Mic for Kenwood Two-Way Radio TK 3101 2312 Baofeng Walkie Talkie UV-5R UV 5R 3R Plus B5 B6 89 BF 888S,https://www.amazon.com/gp/slredirect/picassoRedirect.html/ref=pa_sp_atf_next_aps_sr_pg10_1?ie=UTF8&adId=A05902942K9RU2SCPTU5D&url=%2FHeyrtz-Headset-Earpiece-Kenwood-Two-way%2Fdp%2FB00VJACF3U%2Fref%3Dsr_1_145_sspa%3Fdchild%3D1%26keywords%3DSony%2Bspeaker%26qid%3D1610682133%26sr%3D8-145-spons%26psc%3D1&qualifier=1610682196&id=1950768381272533&widgetName=sp_atf_next,$16.00
"Bluetooth Speakers, DOSS SoundBox Pro+ Wireless Bluetooth Speaker with 24W Impressive Sound, Booming Bass,15Hrs Playtime, Wireless Stereo Pairing, Mixed Colors Lights, IPX5, 66 FT Wireless Range-Black",https://www.amazon.com/gp/slredirect/picassoRedirect.html/ref=pa_sp_atf_next_aps_sr_pg10_1?ie=UTF8&adId=A0804451DC9M1BW3I8FH&url=%2FDOSS-SoundBox-Pro-Impressive-Range-Black%2Fdp%2FB07PMBCTSY%2Fref%3Dsr_1_146_sspa%3Fdchild%3D1%26keywords%3DSony%2Bspeaker%26qid%3D1610682133%26sr%3D8-146-spons%26psc%3D1&qualifier=1610682206&id=6974017262935688&widgetName=sp_atf_next,$59.99,3-Year Protection,2-Year Protection,$7.99,$5.99
"Sony SRSNWZ10 Charging Cradle, Speakers and Remote For NWS700 MP3 Player",https://www.amazon.com/Sony-SRSNWZ10-Charging-Cradle-Speakers/dp/B000KP310G/ref=sr_1_147?dchild=1&keywords=Sony+speaker&qid=1610682133&sr=8-147,$135.20,3-Year Protection,2-Year Protection,$21.99,$15.99
Sony Compact and Slim Travel Speaker for iPod and MP3 Players,https://www.amazon.com/Sony-Compact-Travel-Speaker-Players/dp/B000PH4D74/ref=sr_1_148?dchild=1&keywords=Sony+speaker&qid=1610682133&sr=8-148,['']
"Polk Audio T15 100 Watt Home Theater Bookshelf Speakers – Hi-Res Audio with Deep Bass Response | Dolby and DTS Surround | Wall-Mountable| Pair, Black",https://www.amazon.com/Polk-Audio-T15-Bookshelf-Speakers/dp/B002RJLHB8/ref=sr_1_149?dchild=1&keywords=Sony+speaker&qid=1610682133&sr=8-149,$99.00,3-Year Protection,2-Year Protection,$10.99,$7.99
