Sony - SRS-XB43 Portable Bluetooth Speaker - Black,https://www.bestbuy.com/site/sony-srs-xb43-portable-bluetooth-speaker-black/6412152.p?skuId=6412152,SRSXB43/B,,2-Year Accidental Geek Squad Replacement,$65.99
Sony - V71 High-Power Audio System with Bluetooth - Black,https://www.bestbuy.com/site/sony-v71-high-power-audio-system-with-bluetooth-black/6292082.p?skuId=6292082,MHCV71,,4-Year Standard Geek Squad Protection,$84.99
Sony - SRS-XB33 Portable Bluetooth Speaker - Black,https://www.bestbuy.com/site/sony-srs-xb33-portable-bluetooth-speaker-black/6412160.p?skuId=6412160,SRSXB33/B,,2-Year Accidental Geek Squad Replacement,$36.99
Sony - High Power XB60 Portable Bluetooth Speaker - Black,https://www.bestbuy.com/site/sony-high-power-xb60-portable-bluetooth-speaker-black/6010400.p?skuId=6010400,GTKXB60,$349.99,2-Year Accidental Geek Squad Replacement,$89.99
"Sony - Core Series 5"" 3-Way Bookshelf Speakers (Pair) - Black",https://www.bestbuy.com/site/sony-core-series-5-3-way-bookshelf-speakers-pair-black/5721014.p?skuId=5721014,SSCS5,$149.99
"Sony - Core Series Dual 5"" 3-Way Floorstanding Speaker (Each) - Black",https://www.bestbuy.com/site/sony-core-series-dual-5-3-way-floorstanding-speaker-each-black/5926456.p?skuId=5926456,SSCS3,$199.99
Sony - SRS-XB12 Portable Bluetooth Speaker - Black,https://www.bestbuy.com/site/sony-srs-xb12-portable-bluetooth-speaker-black/6338020.p?skuId=6338020,SRSXB12/B,,2-Year Accidental Geek Squad Replacement,$19.99
Sony - SRS-XB23 Portable Bluetooth Speaker - Light Blue,https://www.bestbuy.com/site/sony-srs-xb23-portable-bluetooth-speaker-light-blue/6412177.p?skuId=6412177,SRSXB23/L,,2-Year Accidental Geek Squad Replacement,$25.99
Sony - Wireless Rear Channel Speakers (Pair) - Black,https://www.bestbuy.com/site/sony-wireless-rear-channel-speakers-pair-black/6201453.p?skuId=6201453,SAZ9R,$299.99,4-Year Standard Geek Squad Protection,$49.99
Sony - High Power XB72 Speaker - Black,https://www.bestbuy.com/site/sony-high-power-xb72-speaker-black/6336539.p?skuId=6336539,GTKXB72,,4-Year Standard Geek Squad Protection,$59.99
Sony - SRS-XB32 Portable Bluetooth Speaker - Black,https://www.bestbuy.com/site/sony-srs-xb32-portable-bluetooth-speaker-black/6338608.p?skuId=6338608,SRSXB32/B,$149.99,2-Year Accidental Geek Squad Replacement,$36.99
Sony - High Power XB90 Portable Bluetooth Speaker - Black,https://www.bestbuy.com/site/sony-high-power-xb90-portable-bluetooth-speaker-black/6081700.p?skuId=6081700,GTKXB90,,4-Year Standard Geek Squad Protection,$74.99
Sony - SRS-XB43 Portable Bluetooth Speaker - Black,https://www.bestbuy.com/site/sony-srs-xb43-portable-bluetooth-speaker-black/6412152.p?skuId=6412152,SRSXB43/B,,2-Year Accidental Geek Squad Replacement,$65.99
Sony - V71 High-Power Audio System with Bluetooth - Black,https://www.bestbuy.com/site/sony-v71-high-power-audio-system-with-bluetooth-black/6292082.p?skuId=6292082,MHCV71,,4-Year Standard Geek Squad Protection,$84.99
Sony - SRS-XB33 Portable Bluetooth Speaker - Black,https://www.bestbuy.com/site/sony-srs-xb33-portable-bluetooth-speaker-black/6412160.p?skuId=6412160,SRSXB33/B,,2-Year Accidental Geek Squad Replacement,$36.99
Sony - High Power XB60 Portable Bluetooth Speaker - Black,https://www.bestbuy.com/site/sony-high-power-xb60-portable-bluetooth-speaker-black/6010400.p?skuId=6010400,GTKXB60,$349.99,2-Year Accidental Geek Squad Replacement,$89.99
"Sony - Core Series 5"" 3-Way Bookshelf Speakers (Pair) - Black",https://www.bestbuy.com/site/sony-core-series-5-3-way-bookshelf-speakers-pair-black/5721014.p?skuId=5721014,SSCS5,$149.99
"Sony - Core Series Dual 5"" 3-Way Floorstanding Speaker (Each) - Black",https://www.bestbuy.com/site/sony-core-series-dual-5-3-way-floorstanding-speaker-each-black/5926456.p?skuId=5926456,SSCS3,$199.99
Sony - SRS-XB12 Portable Bluetooth Speaker - Black,https://www.bestbuy.com/site/sony-srs-xb12-portable-bluetooth-speaker-black/6338020.p?skuId=6338020,SRSXB12/B,,2-Year Accidental Geek Squad Replacement,$19.99
Sony - SRS-XB23 Portable Bluetooth Speaker - Light Blue,https://www.bestbuy.com/site/sony-srs-xb23-portable-bluetooth-speaker-light-blue/6412177.p?skuId=6412177,SRSXB23/L,,2-Year Accidental Geek Squad Replacement,$25.99
Sony - Wireless Rear Channel Speakers (Pair) - Black,https://www.bestbuy.com/site/sony-wireless-rear-channel-speakers-pair-black/6201453.p?skuId=6201453,SAZ9R,$299.99,4-Year Standard Geek Squad Protection,$49.99
Sony - High Power XB72 Speaker - Black,https://www.bestbuy.com/site/sony-high-power-xb72-speaker-black/6336539.p?skuId=6336539,GTKXB72,,4-Year Standard Geek Squad Protection,$59.99
Sony - SRS-XB32 Portable Bluetooth Speaker - Black,https://www.bestbuy.com/site/sony-srs-xb32-portable-bluetooth-speaker-black/6338608.p?skuId=6338608,SRSXB32/B,$149.99,2-Year Accidental Geek Squad Replacement,$36.99
Sony - High Power XB72 Speaker - Black,https://www.bestbuy.com/site/sony-high-power-xb72-speaker-black/6336539.p?skuId=6336539,GTKXB72,,4-Year Standard Geek Squad Protection,$59.99
Sony - SRS-XB01 Portable Bluetooth Speaker - Gray,https://www.bestbuy.com/site/sony-srs-xb01-portable-bluetooth-speaker-gray/6289130.p?skuId=6289130,SRSXB01/W,$34.99,2-Year Accidental Geek Squad Replacement,$13.99
"Sony - 4"" Dolby Atmos Enabled Elevation Speakers (Pair) - Black",https://www.bestbuy.com/site/sony-4-dolby-atmos-enabled-elevation-speakers-pair-black/6253617.p?skuId=6253617,SSCSE,$199.99
"Sony - Core Series 4"" 2-Way Center-Channel Speaker - Black",https://www.bestbuy.com/site/sony-core-series-4-2-way-center-channel-speaker-black/5720006.p?skuId=5720006,SSCS8,$149.99
Sony - 3.1 Ch Hi-Res Sound Bar with Wireless Subwoofer - Black,https://www.bestbuy.com/site/sony-3-1-ch-hi-res-sound-bar-with-wireless-subwoofer-black/6201448.p?skuId=6201448,HTZ9F,$699.99,4-Year Standard Geek Squad Protection,$119.99
Sony - 2.1-Channel 320W Soundbar System with Wireless Subwoofer - Black,https://www.bestbuy.com/site/sony-2-1-channel-320w-soundbar-system-with-wireless-subwoofer-black/6336505.p?skuId=6336505,HTS350,$279.99,4-Year Standard Geek Squad Protection,$49.99
Sony - 7.1.2-Channel Hi-Res Soundbar with Wireless Subwoofer and Dolby Atmos - Black,https://www.bestbuy.com/site/sony-7-1-2-channel-hi-res-soundbar-with-wireless-subwoofer-and-dolby-atmos-black/5818700.p?skuId=5818700,HTST5000,"$1,499.98",4-Year Standard Geek Squad Protection,$219.99
Sony - 2.1-Channel Soundbar - Black,https://www.bestbuy.com/site/sony-2-1-channel-soundbar-black/6395199.p?skuId=6395199,HTS200F,$149.99,4-Year Standard Geek Squad Protection,$24.99
"Sony - 75"" Class Z8H Series LED 8K UHD Smart Android TV",https://www.bestbuy.com/site/sony-75-class-z8h-series-led-8k-uhd-smart-android-tv/6401210.p?skuId=6401210,XBR75Z8H,,2-Year Standard Geek Squad Protection,5-Year Standard Geek Squad Protection,$499.99,$999.99
"Sony - Core Series 10"" 115W Active Subwoofer - Black",https://www.bestbuy.com/site/sony-core-series-10-115w-active-subwoofer-black/5721005.p?skuId=5721005,SACS9,$199.99,4-Year Standard Geek Squad Protection,$19.99
Sony - 2.0-Ch. Stereo Receiver with Bluetooth - Black,https://www.bestbuy.com/site/sony-2-0-ch-stereo-receiver-with-bluetooth-black/6187501.p?skuId=6187501,STRDH190,$149.99,4-Year Standard Geek Squad Protection,$24.99
"Sony - 55"" Class X800H Series LED 4K UHD Smart Android TV",https://www.bestbuy.com/site/sony-55-class-x800h-series-led-4k-uhd-smart-android-tv/6400732.p?skuId=6400732,XBR55X800H,,2-Year Standard Geek Squad Protection,5-Year Standard Geek Squad Protection,$99.99,$159.99
Sony - 3.1-Channel Soundbar with Wireless Subwoofer - Black,https://www.bestbuy.com/site/sony-3-1-channel-soundbar-with-wireless-subwoofer-black/6403902.p?skuId=6403902,HTG700,$599.99,4-Year Standard Geek Squad Protection,$99.99
"Sony - 75"" Class XBR X800H Series LED 4K UHD Smart Android TV",https://www.bestbuy.com/site/sony-75-class-xbr-x800h-series-led-4k-uhd-smart-android-tv/6401049.p?skuId=6401049,XBR75X800H,"$1,299.99",2-Year Standard Geek Squad Protection,5-Year Standard Geek Squad Protection,$169.99,$299.99
"Sony - 65"" Class X950G Series LED 4K UHD Smart Android TV",https://www.bestbuy.com/site/sony-65-class-x950g-series-led-4k-uhd-smart-android-tv/6331578.p?skuId=6331578,XBR65X950G,"$2,499.99",2-Year Standard Geek Squad Protection,5-Year Standard Geek Squad Protection,$169.99,$299.99
"Sony - 65"" Class A8G Series OLED 4K UHD Smart Android TV",https://www.bestbuy.com/site/sony-65-class-a8g-series-oled-4k-uhd-smart-android-tv/6331595.p?skuId=6331595,XBR65A8G,"$2,499.99",2-Year Standard Geek Squad Protection,5-Year Standard Geek Squad Protection,$279.99,$499.99
"Sony - 65"" Class X800G Series LED 4K UHD Smart Android TV",https://www.bestbuy.com/site/sony-65-class-x800g-series-led-4k-uhd-smart-android-tv/6328561.p?skuId=6328561,XBR-65X800G,,2-Year Standard Geek Squad Protection,5-Year Standard Geek Squad Protection,$79.99,$139.99
"Sony - 65"" Class X900F Series LED 4K UHD Smart Android TV",https://www.bestbuy.com/site/sony-65-class-x900f-series-led-4k-uhd-smart-android-tv/6179726.p?skuId=6179726,XBR65X900F,"$2,499.99",2-Year Standard Geek Squad Protection,5-Year Standard Geek Squad Protection,$149.99,$249.99
"Sony - 6-1/2"" 160-Watt Passive 2-Way Speaker (Each) - White",https://www.bestbuy.com/site/sony-6-1-2-160-watt-passive-2-way-speaker-each-white/7369116.p?skuId=7369116,XSMP1621,$129.99,3-Year Standard Geek Squad Protection,4-Year Standard Geek Squad Protection,$19.99,$24.99
"Sony - 98"" Class Z9G MASTER Series LED 8K UHD Smart Android TV",https://www.bestbuy.com/site/sony-98-class-z9g-master-series-led-8k-uhd-smart-android-tv/6331619.p?skuId=6331619,XBR98Z9G,"$59,999.99"
UltraLast - Lithium-Ion Battery for Sony SRS-X5 wireless speaker,https://www.bestbuy.com/site/ultralast-lithium-ion-battery-for-sony-srs-x5-wireless-speaker/6364629.p?skuId=6364629,WS-SRSX5,$59.95
Sony - Handycam CX405 Flash Memory Camcorder - Black,https://www.bestbuy.com/site/sony-handycam-cx405-flash-memory-camcorder-black/2964179.p?skuId=2964179,HDRCX405/B,$229.99,1-Year Accidental Geek Squad Protection,2-Year Accidental Geek Squad Protection,3-Year Accidental Geek Squad Protection,$34.99,$59.99,$74.99
Sony - Handycam FDR-AX700 4K Premium Camcorder - black,https://www.bestbuy.com/site/sony-handycam-fdr-ax700-4k-premium-camcorder-black/6130907.p?skuId=6130907,FDRAX700/B,"$1,899.99",1-Year Accidental Geek Squad Protection,2-Year Accidental Geek Squad Protection,3-Year Accidental Geek Squad Protection,$149.99,$239.99,$299.99
"Sony - 75"" Class X950G Series LED 4K UHD Smart Android TV",https://www.bestbuy.com/site/sony-75-class-x950g-series-led-4k-uhd-smart-android-tv/6331580.p?skuId=6331580,XBR75X950G,$279.99,2-Year Standard Geek Squad Protection,5-Year Standard Geek Squad Protection,$279.99,$499.99
Sony AX100 4K HD Flash Memory Premium Camcorder - Black,https://www.bestbuy.com/site/sony-ax100-4k-hd-flash-memory-premium-camcorder-black/3393002.p?skuId=3393002,FDRAX100/B,"$1,499.99",1-Year Accidental Geek Squad Protection,2-Year Accidental Geek Squad Protection,3-Year Accidental Geek Squad Protection,$149.99,$239.99,$299.99
"Sony - 65"" Class X850G Series LED 4K UHD Smart Android TV",https://www.bestbuy.com/site/sony-65-class-x850g-series-led-4k-uhd-smart-android-tv/6356395.p?skuId=6356395,XBR65X850G/C,$119.99,2-Year Standard Geek Squad Protection,5-Year Standard Geek Squad Protection,$119.99,$179.99
"Sony - 75"" Class X850G Series LED 4K UHD Smart Android TV",https://www.bestbuy.com/site/sony-75-class-x850g-series-led-4k-uhd-smart-android-tv/6356372.p?skuId=6356372,XBR75X850G/C,$149.99,2-Year Standard Geek Squad Protection,5-Year Standard Geek Squad Protection,$149.99,$249.99
Sony - HXR-MC88 HD Flash Memory Camcorder - Black,https://www.bestbuy.com/site/sony-hxr-mc88-hd-flash-memory-camcorder-black/6356773.p?skuId=6356773,HXRMC88,"$1,299.99",1-Year Accidental Geek Squad Protection,2-Year Accidental Geek Squad Protection,3-Year Accidental Geek Squad Protection,$149.99,$229.99,$279.99
Sony - Handycam CX675 32GB Flash Memory Camcorder - Black,https://www.bestbuy.com/site/sony-handycam-cx675-32gb-flash-memory-camcorder-black/4849400.p?skuId=4849400,HDRCX675/B,$599.99,1-Year Accidental Geek Squad Protection,2-Year Accidental Geek Squad Protection,3-Year Accidental Geek Squad Protection,$69.99,$99.99,$129.99
Sony - XDCAM PXW-Z90V 4K Flash Memory Premium Camcorder,https://www.bestbuy.com/site/sony-xdcam-pxw-z90v-4k-flash-memory-premium-camcorder/6195913.p?skuId=6195913,PXWZ90V,"$2,799.99",1-Year Accidental Geek Squad Protection,2-Year Accidental Geek Squad Protection,3-Year Accidental Geek Squad Protection,$149.99,$239.99,$299.99
"Sony - 2.1-Channel Soundbar System with 4.72"" Wireless Subwoofer and Digital Amplifier - Charcoal black",https://www.bestbuy.com/site/sony-2-1-channel-soundbar-system-with-4-72-wireless-subwoofer-and-digital-amplifier-charcoal-black/5764000.p?skuId=5764000,HTMT300/B,$183.99
"Sony - 6-1/2"" 160-Watt Passive 2-Way Speaker (Each) - White",https://www.bestbuy.com/site/sony-6-1-2-160-watt-passive-2-way-speaker-each-white/7369116.p?skuId=7369116,XSMP1621,$129.99,3-Year Standard Geek Squad Protection,4-Year Standard Geek Squad Protection,$19.99,$24.99
"Sony - 98"" Class Z9G MASTER Series LED 8K UHD Smart Android TV",https://www.bestbuy.com/site/sony-98-class-z9g-master-series-led-8k-uhd-smart-android-tv/6331619.p?skuId=6331619,XBR98Z9G,"$59,999.99"
UltraLast - Lithium-Ion Battery for Sony SRS-X5 wireless speaker,https://www.bestbuy.com/site/ultralast-lithium-ion-battery-for-sony-srs-x5-wireless-speaker/6364629.p?skuId=6364629,WS-SRSX5,$59.95
"Sony - Hi-Res Dual 6-1/2"" 100W 3-Way Floorstanding Speaker (Each) - Black",https://www.bestbuy.com/site/sony-hi-res-dual-6-1-2-100w-3-way-floorstanding-speaker-each-black/5889021.p?skuId=5889021,SSNA2ES,"$4,999.98"
UltraLast - Lithium-Ion Battery for Sony SRS-X5 wireless speaker,https://www.bestbuy.com/site/ultralast-lithium-ion-battery-for-sony-srs-x5-wireless-speaker/6364629.p?skuId=6364629,WS-SRSX5,$59.95
"Sony - 6-1/2"" 160-Watt Passive 2-Way Speaker (Each) - White",https://www.bestbuy.com/site/sony-6-1-2-160-watt-passive-2-way-speaker-each-white/7369116.p?skuId=7369116,XSMP1621,$129.99,3-Year Standard Geek Squad Protection,4-Year Standard Geek Squad Protection,$19.99,$24.99
"Sony - 65"" Class X850G Series LED 4K UHD Smart Android TV",https://www.bestbuy.com/site/sony-65-class-x850g-series-led-4k-uhd-smart-android-tv/6356395.p?skuId=6356395,XBR65X850G/C,$119.99,2-Year Standard Geek Squad Protection,5-Year Standard Geek Squad Protection,$119.99,$179.99
"Sony - 98"" Class Z9G MASTER Series LED 8K UHD Smart Android TV",https://www.bestbuy.com/site/sony-98-class-z9g-master-series-led-8k-uhd-smart-android-tv/6331619.p?skuId=6331619,XBR98Z9G,"$59,999.99"
Sony - HXR-MC88 HD Flash Memory Camcorder - Black,https://www.bestbuy.com/site/sony-hxr-mc88-hd-flash-memory-camcorder-black/6356773.p?skuId=6356773,HXRMC88,"$1,299.99",1-Year Accidental Geek Squad Protection,2-Year Accidental Geek Squad Protection,3-Year Accidental Geek Squad Protection,$149.99,$229.99,$279.99
Sony - Handycam AX43 4K Camcorder - Black,https://www.bestbuy.com/site/sony-handycam-ax43-4k-camcorder-black/6400914.p?skuId=6400914,FDRAX43/B,$849.99,1-Year Accidental Geek Squad Protection,2-Year Accidental Geek Squad Protection,3-Year Accidental Geek Squad Protection,$99.99,$169.99,$179.99
Sony - Handycam AX43 4K Camcorder - Black,https://www.bestbuy.com/site/sony-handycam-ax43-4k-camcorder-black/6400914.p?skuId=6400914,FDRAX43/B,$849.99,1-Year Accidental Geek Squad Protection,2-Year Accidental Geek Squad Protection,3-Year Accidental Geek Squad Protection,$99.99,$169.99,$179.99
"Sony - 2.1-Channel Soundbar System with 4.72"" Wireless Subwoofer and Digital Amplifier - Charcoal black",https://www.bestbuy.com/site/sony-2-1-channel-soundbar-system-with-4-72-wireless-subwoofer-and-digital-amplifier-charcoal-black/5764000.p?skuId=5764000,HTMT300/B,$183.99
Sony - High Power XB72 Speaker - Black,https://www.bestbuy.com/site/sony-high-power-xb72-speaker-black/6336539.p?skuId=6336539,GTKXB72,,4-Year Standard Geek Squad Protection,$59.99
Metra - Turbo Wire Harness Adapter for Most Aftermarket Sony Radios - Black,https://www.bestbuy.com/site/metra-turbo-wire-harness-adapter-for-most-aftermarket-sony-radios-black/5063084.p?skuId=5063084,SY16-0001,$21.99
"Sony - 85"" Class Z8H Series LED 8K UHD Smart Android TV",https://www.bestbuy.com/site/sony-85-class-z8h-series-led-8k-uhd-smart-android-tv/6401187.p?skuId=6401187,XBR85Z8H,,2-Year Standard Geek Squad Protection,5-Year Standard Geek Squad Protection,$999.99,"$1,799.99"
"Sony - Hi-Res 5-3/25"" 70W 2-Way Bookshelf Speaker (Each) - Black",https://www.bestbuy.com/site/sony-hi-res-5-3-25-70w-2-way-bookshelf-speaker-each-black/5889022.p?skuId=5889022,SSNA5ES,"$2,999.98"
"Sony - Hi-Res Dual 6-1/2"" 100W 3-Way Floorstanding Speaker (Each) - Black",https://www.bestbuy.com/site/sony-hi-res-dual-6-1-2-100w-3-way-floorstanding-speaker-each-black/5889021.p?skuId=5889021,SSNA2ES,"$4,999.98"
UltraLast - Lithium-Ion Battery for Sony SRS-X5 wireless speaker,https://www.bestbuy.com/site/ultralast-lithium-ion-battery-for-sony-srs-x5-wireless-speaker/6364629.p?skuId=6364629,WS-SRSX5,$59.95
"Sony - 6-1/2"" 160-Watt Passive 2-Way Speaker (Each) - White",https://www.bestbuy.com/site/sony-6-1-2-160-watt-passive-2-way-speaker-each-white/7369116.p?skuId=7369116,XSMP1621,$129.99,3-Year Standard Geek Squad Protection,4-Year Standard Geek Squad Protection,$19.99,$24.99
"Sony - 65"" Class X850G Series LED 4K UHD Smart Android TV",https://www.bestbuy.com/site/sony-65-class-x850g-series-led-4k-uhd-smart-android-tv/6356395.p?skuId=6356395,XBR65X850G/C,$119.99,2-Year Standard Geek Squad Protection,5-Year Standard Geek Squad Protection,$119.99,$179.99
"Sony - 98"" Class Z9G MASTER Series LED 8K UHD Smart Android TV",https://www.bestbuy.com/site/sony-98-class-z9g-master-series-led-8k-uhd-smart-android-tv/6331619.p?skuId=6331619,XBR98Z9G,"$59,999.99"
Sony - HXR-MC88 HD Flash Memory Camcorder - Black,https://www.bestbuy.com/site/sony-hxr-mc88-hd-flash-memory-camcorder-black/6356773.p?skuId=6356773,HXRMC88,"$1,299.99",1-Year Accidental Geek Squad Protection,2-Year Accidental Geek Squad Protection,3-Year Accidental Geek Squad Protection,$149.99,$229.99,$279.99
Sony - Handycam AX43 4K Camcorder - Black,https://www.bestbuy.com/site/sony-handycam-ax43-4k-camcorder-black/6400914.p?skuId=6400914,FDRAX43/B,$849.99,1-Year Accidental Geek Squad Protection,2-Year Accidental Geek Squad Protection,3-Year Accidental Geek Squad Protection,$99.99,$169.99,$179.99
"Sony - 2.1-Channel Soundbar System with 4.72"" Wireless Subwoofer and Digital Amplifier - Charcoal black",https://www.bestbuy.com/site/sony-2-1-channel-soundbar-system-with-4-72-wireless-subwoofer-and-digital-amplifier-charcoal-black/5764000.p?skuId=5764000,HTMT300/B,$183.99
Sony - High Power XB72 Speaker - Black,https://www.bestbuy.com/site/sony-high-power-xb72-speaker-black/6336539.p?skuId=6336539,GTKXB72,,4-Year Standard Geek Squad Protection,$59.99
Metra - Turbo Wire Harness Adapter for Most Aftermarket Sony Radios - Black,https://www.bestbuy.com/site/metra-turbo-wire-harness-adapter-for-most-aftermarket-sony-radios-black/5063084.p?skuId=5063084,SY16-0001,$21.99
"Sony - 85"" Class Z8H Series LED 8K UHD Smart Android TV",https://www.bestbuy.com/site/sony-85-class-z8h-series-led-8k-uhd-smart-android-tv/6401187.p?skuId=6401187,XBR85Z8H,,2-Year Standard Geek Squad Protection,5-Year Standard Geek Squad Protection,$999.99,"$1,799.99"
"Sony - Hi-Res 5-3/25"" 70W 2-Way Bookshelf Speaker (Each) - Black",https://www.bestbuy.com/site/sony-hi-res-5-3-25-70w-2-way-bookshelf-speaker-each-black/5889022.p?skuId=5889022,SSNA5ES,"$2,999.98"
"Sony - Hi-Res Dual 6-1/2"" 100W 3-Way Floorstanding Speaker (Each) - Black",https://www.bestbuy.com/site/sony-hi-res-dual-6-1-2-100w-3-way-floorstanding-speaker-each-black/5889021.p?skuId=5889021,SSNA2ES,"$4,999.98"
UltraLast - Lithium-Ion Battery for Sony SRS-X5 wireless speaker,https://www.bestbuy.com/site/ultralast-lithium-ion-battery-for-sony-srs-x5-wireless-speaker/6364629.p?skuId=6364629,WS-SRSX5,$59.95
"Sony - 6-1/2"" 160-Watt Passive 2-Way Speaker (Each) - White",https://www.bestbuy.com/site/sony-6-1-2-160-watt-passive-2-way-speaker-each-white/7369116.p?skuId=7369116,XSMP1621,$129.99,,,,
"Sony - 65"" Class X850G Series LED 4K UHD Smart Android TV",https://www.bestbuy.com/site/sony-65-class-x850g-series-led-4k-uhd-smart-android-tv/6356395.p?skuId=6356395,XBR65X850G/C,$119.99,2-Year Standard Geek Squad Protection,5-Year Standard Geek Squad Protection,$119.99,$179.99
"Sony - 98"" Class Z9G MASTER Series LED 8K UHD Smart Android TV",https://www.bestbuy.com/site/sony-98-class-z9g-master-series-led-8k-uhd-smart-android-tv/6331619.p?skuId=6331619,XBR98Z9G,"$59,999.99"
Sony - HXR-MC88 HD Flash Memory Camcorder - Black,https://www.bestbuy.com/site/sony-hxr-mc88-hd-flash-memory-camcorder-black/6356773.p?skuId=6356773,HXRMC88,"$1,299.99",1-Year Accidental Geek Squad Protection,2-Year Accidental Geek Squad Protection,3-Year Accidental Geek Squad Protection,$149.99,$229.99,$279.99
Sony - Handycam AX43 4K Camcorder - Black,https://www.bestbuy.com/site/sony-handycam-ax43-4k-camcorder-black/6400914.p?skuId=6400914,FDRAX43/B,$849.99,1-Year Accidental Geek Squad Protection,2-Year Accidental Geek Squad Protection,3-Year Accidental Geek Squad Protection,$99.99,$169.99,$179.99
"Sony - 2.1-Channel Soundbar System with 4.72"" Wireless Subwoofer and Digital Amplifier - Charcoal black",https://www.bestbuy.com/site/sony-2-1-channel-soundbar-system-with-4-72-wireless-subwoofer-and-digital-amplifier-charcoal-black/5764000.p?skuId=5764000,HTMT300/B,$183.99
Sony - High Power XB72 Speaker - Black,https://www.bestbuy.com/site/sony-high-power-xb72-speaker-black/6336539.p?skuId=6336539,GTKXB72,$349.99,4-Year Standard Geek Squad Protection,$59.99
Metra - Turbo Wire Harness Adapter for Most Aftermarket Sony Radios - Black,https://www.bestbuy.com/site/metra-turbo-wire-harness-adapter-for-most-aftermarket-sony-radios-black/5063084.p?skuId=5063084,SY16-0001,$21.99
"Sony - 85"" Class Z8H Series LED 8K UHD Smart Android TV",https://www.bestbuy.com/site/sony-85-class-z8h-series-led-8k-uhd-smart-android-tv/6401187.p?skuId=6401187,XBR85Z8H,"$1,999.99",,,,
"Sony - Hi-Res 5-3/25"" 70W 2-Way Bookshelf Speaker (Each) - Black",https://www.bestbuy.com/site/sony-hi-res-5-3-25-70w-2-way-bookshelf-speaker-each-black/5889022.p?skuId=5889022,SSNA5ES,"$2,999.98"
"Sony - Hi-Res Dual 6-1/2"" 100W 3-Way Floorstanding Speaker (Each) - Black",https://www.bestbuy.com/site/sony-hi-res-dual-6-1-2-100w-3-way-floorstanding-speaker-each-black/5889021.p?skuId=5889021,SSNA2ES,"$4,999.98"
UltraLast - Lithium-Ion Battery for Sony SRS-X5 wireless speaker,https://www.bestbuy.com/site/ultralast-lithium-ion-battery-for-sony-srs-x5-wireless-speaker/6364629.p?skuId=6364629,WS-SRSX5,$59.95
"Sony - 6-1/2"" 160-Watt Passive 2-Way Speaker (Each) - White",https://www.bestbuy.com/site/sony-6-1-2-160-watt-passive-2-way-speaker-each-white/7369116.p?skuId=7369116,XSMP1621,$129.99,3-Year Standard Geek Squad Protection,4-Year Standard Geek Squad Protection,$19.99,$24.99
"Sony - 65"" Class X850G Series LED 4K UHD Smart Android TV",https://www.bestbuy.com/site/sony-65-class-x850g-series-led-4k-uhd-smart-android-tv/6356395.p?skuId=6356395,XBR65X850G/C,$119.99,2-Year Standard Geek Squad Protection,5-Year Standard Geek Squad Protection,$119.99,$179.99
"Sony - 98"" Class Z9G MASTER Series LED 8K UHD Smart Android TV",https://www.bestbuy.com/site/sony-98-class-z9g-master-series-led-8k-uhd-smart-android-tv/6331619.p?skuId=6331619,XBR98Z9G,"$59,999.99"
Sony - HXR-MC88 HD Flash Memory Camcorder - Black,https://www.bestbuy.com/site/sony-hxr-mc88-hd-flash-memory-camcorder-black/6356773.p?skuId=6356773,HXRMC88,$349.99,1-Year Accidental Geek Squad Protection,2-Year Accidental Geek Squad Protection,3-Year Accidental Geek Squad Protection,$149.99,$229.99,$279.99
Sony - Handycam AX43 4K Camcorder - Black,https://www.bestbuy.com/site/sony-handycam-ax43-4k-camcorder-black/6400914.p?skuId=6400914,FDRAX43/B,$849.99,1-Year Accidental Geek Squad Protection,2-Year Accidental Geek Squad Protection,3-Year Accidental Geek Squad Protection,$99.99,$169.99,$179.99
"Sony - 2.1-Channel Soundbar System with 4.72"" Wireless Subwoofer and Digital Amplifier - Charcoal black",https://www.bestbuy.com/site/sony-2-1-channel-soundbar-system-with-4-72-wireless-subwoofer-and-digital-amplifier-charcoal-black/5764000.p?skuId=5764000,HTMT300/B,$183.99
